URL,Version,Status,OIDs,Name,Title,Description,Uses,Used,Sources
http://hl7.org/cda/stds/core/ValueSet/CDAActClass,2.0.3-sd,draft,,CDAActClass,CDAActClass,"A code specifying the major type of Act that this Act-instance represents.","StructureDefinition/fr-cda-clinical-document-ips","THO (V3)"
http://hl7.org/cda/stds/core/ValueSet/CDAActMood,2.0.3-sd,draft,,CDAActMood,CDAActMood,"A code distinguishing whether an Act is conceived of as a factual statement or in some other manner as a command, possibility, goal, etc.","StructureDefinition/fr-cda-clinical-document-ips","THO (V3)"
http://hl7.org/cda/stds/core/ValueSet/CDAContextControl,2.0.3-sd,draft,,CDAContextControl,CDAContextControl,"A code that specifies how an ActRelationship or Participation contributes to the context of an Act, and whether it may be propagated to descendent Acts whose association allows such propagation.","StructureDefinition/fr-cda-clinical-document-ips","THO (V3)"
http://hl7.org/cda/stds/core/ValueSet/CDANullFlavor,2.0.3-sd,draft,,CDANullFlavor,CDANullFlavor,"CDA NullFlavors - limited to values allowed in original CDA definition","StructureDefinition/fr-cda-clinical-document-ips","THO (V3)"
http://hl7.org/cda/stds/core/ValueSet/CDAParticipationType,2.0.3-sd,draft,,CDAParticipationType,CDAParticipationType,"A code specifying the meaning and purpose of every Participation instance. Each of its values implies specific constraints on the Roles undertaking the participation. Limited to values allowed in original CDA definition","StructureDefinition/fr-cda-clinical-document-ips","THO (V3)"
http://hl7.org/cda/stds/core/ValueSet/CDASetOperator,2.0.3-sd,draft,,CDASetOperator,CDASetOperator,"Determins the intersectionality of multiple sets","StructureDefinition/fr-cda-clinical-document-ips","THO (V3)"
http://hl7.org/fhir/ValueSet/all-languages,5.0.0,active,"2.16.840.1.113883.4.642.3.21",AllLanguages,All Languages,"This value set includes all possible codes from BCP-47 (see http://tools.ietf.org/html/bcp47)","StructureDefinition/fr-cda-clinical-document-ips","hl7.terminology.r5"
http://hl7.org/fhir/ValueSet/doc-typecodes,5.0.0,draft,"2.16.840.1.113883.4.642.3.235,2.16.840.1.113883.4.642.2.121,2.16.840.1.113883.4.642.3.240",FHIRDocumentTypeCodes,FHIR Document Type Codes,"FHIR Document Codes - all LOINC codes where scale type = 'DOC'.","StructureDefinition/fr-cda-clinical-document-ips","LOINC"
http://terminology.hl7.org/ValueSet/v3-ActClassRecordOrganizer,3.0.0,active,"2.16.840.1.113883.1.11.20308",ActClassRecordOrganizer,ActClassRecordOrganizer,"***No description***","StructureDefinition/fr-cda-clinical-document-ips","THO (V3)"
http://terminology.hl7.org/ValueSet/v3-ActRelationshipHasComponent,3.0.0,active,"2.16.840.1.113883.1.11.10318",ActRelationshipHasComponent,ActRelationshipHasComponent,"A collection of sub-services as steps or subtasks performed for the source service. Services may be performed sequentially or concurrently.","StructureDefinition/fr-cda-clinical-document-ips","THO (V3)"
http://terminology.hl7.org/ValueSet/v3-ActStatus,3.0.0,active,"2.16.840.1.113883.1.11.15933",ActStatus,ActStatus,"Contains the names (codes) for each of the states in the state-machine of the RIM Act class.","StructureDefinition/fr-cda-clinical-document-ips","THO (V3)"
https://mos.esante.gouv.fr/NOS/JDV_J47-FunctionCode-CISIS/FHIR/JDV-J47-FunctionCode-CISIS,20250523120000,active,"1.2.250.1.213.1.1.5.124",JDV_J47_FunctionCode_CISIS,,"Rôles fonctionnels","StructureDefinition/fr-cda-clinical-document-ips","ans.fr.terminologies"
